,address,map_link,outline_link,solar_full,nonsolar_full,solar_processed,nonsolar_processed
0,"551 crawford dr, Sunnyvale, CA",,,,,,
1,"40757 Palatino St, Fremont, CA","https://maps.googleapis.com/maps/api/staticmap?size=256x256&zoom=20&center=40757+Palatino+St,+Fremont,+CA&maptype=satellite&key=AIzaSyC2pyFB0hXgCTDr65_KVHBm9742DBDng1M","https://maps.googleapis.com/maps/api/staticmap?size=256x256&zoom=20&center=40757+Palatino+St,+Fremont,+CA&style=feature:landscape.man_made%7Celement:geometry.stroke%7Ccolor:0xff0000&key=AIzaSyC2pyFB0hXgCTDr65_KVHBm9742DBDng1M",9.65936e-06,0.99999,3.31508e-10,1.0
2,"2608 ashby ave, Berkeley, CA","https://maps.googleapis.com/maps/api/staticmap?size=256x256&zoom=20&center=2608+ashby+ave,+Berkeley,+CA&maptype=satellite&key=AIzaSyC2pyFB0hXgCTDr65_KVHBm9742DBDng1M","https://maps.googleapis.com/maps/api/staticmap?size=256x256&zoom=20&center=2608+ashby+ave,+Berkeley,+CA&style=feature:landscape.man_made%7Celement:geometry.stroke%7Ccolor:0xff0000&key=AIzaSyC2pyFB0hXgCTDr65_KVHBm9742DBDng1M",0.00176122,0.998239,4.85277e-07,1.0
3,"313 N Milton Ave, Campbell, CA","https://maps.googleapis.com/maps/api/staticmap?size=256x256&zoom=20&center=313+N+Milton+Ave,+Campbell,+CA&maptype=satellite&key=AIzaSyC2pyFB0hXgCTDr65_KVHBm9742DBDng1M","https://maps.googleapis.com/maps/api/staticmap?size=256x256&zoom=20&center=313+N+Milton+Ave,+Campbell,+CA&style=feature:landscape.man_made%7Celement:geometry.stroke%7Ccolor:0xff0000&key=AIzaSyC2pyFB0hXgCTDr65_KVHBm9742DBDng1M",0.424845,0.575155,2.44976e-08,1.0
4,"313 N Milton Ave, Campbell, CA","https://maps.googleapis.com/maps/api/staticmap?size=256x256&zoom=20&center=313+N+Milton+Ave,+Campbell,+CA&maptype=satellite&key=AIzaSyC2pyFB0hXgCTDr65_KVHBm9742DBDng1M","https://maps.googleapis.com/maps/api/staticmap?size=256x256&zoom=20&center=313+N+Milton+Ave,+Campbell,+CA&style=feature:landscape.man_made%7Celement:geometry.stroke%7Ccolor:0xff0000&key=AIzaSyC2pyFB0hXgCTDr65_KVHBm9742DBDng1M",0.424845,0.575155,2.44976e-08,1.0
5,"1015 Hubert Rd, Oakland, CA","https://maps.googleapis.com/maps/api/staticmap?size=256x256&zoom=20&center=1015+Hubert+Rd,+Oakland,+CA&maptype=satellite&key=AIzaSyC2pyFB0hXgCTDr65_KVHBm9742DBDng1M","https://maps.googleapis.com/maps/api/staticmap?size=256x256&zoom=20&center=1015+Hubert+Rd,+Oakland,+CA&style=feature:landscape.man_made%7Celement:geometry.stroke%7Ccolor:0xff0000&key=AIzaSyC2pyFB0hXgCTDr65_KVHBm9742DBDng1M",1.89128e-06,0.999998,1.62141e-10,1.0
6,"5 Acacia Ave., Berkeley, CA",https://maps.googleapis.com/maps/api/staticmap?size=256x256&zoom=20&center=5+Acacia+Ave&maptype=satellite&key=AIzaSyC2pyFB0hXgCTDr65_KVHBm9742DBDng1M,https://maps.googleapis.com/maps/api/staticmap?size=256x256&zoom=20&center=5+Acacia+Ave&style=feature:landscape.man_made%7Celement:geometry.stroke%7Ccolor:0xff0000&key=AIzaSyC2pyFB0hXgCTDr65_KVHBm9742DBDng1M,1.4392e-10,1.0,2.15969e-10,1.0
7,"2608 ashby ave, Berkeley, CA","https://maps.googleapis.com/maps/api/staticmap?size=256x256&zoom=20&center=2608+ashby+ave,+Berkeley,+CA&maptype=satellite&key=AIzaSyC2pyFB0hXgCTDr65_KVHBm9742DBDng1M","https://maps.googleapis.com/maps/api/staticmap?size=256x256&zoom=20&center=2608+ashby+ave,+Berkeley,+CA&style=feature:landscape.man_made%7Celement:geometry.stroke%7Ccolor:0xff0000&key=AIzaSyC2pyFB0hXgCTDr65_KVHBm9742DBDng1M",0.00176122,0.998239,4.85277e-07,1.0
8,"1104 Socorro Ave, Sunnyvale, CA","https://maps.googleapis.com/maps/api/staticmap?size=256x256&zoom=20&center=1104+Socorro+Ave,+Sunnyvale,+CA&maptype=satellite&key=AIzaSyC2pyFB0hXgCTDr65_KVHBm9742DBDng1M","https://maps.googleapis.com/maps/api/staticmap?size=256x256&zoom=20&center=1104+Socorro+Ave,+Sunnyvale,+CA&style=feature:landscape.man_made%7Celement:geometry.stroke%7Ccolor:0xff0000&key=AIzaSyC2pyFB0hXgCTDr65_KVHBm9742DBDng1M",0.99736,0.00263978,1.0992e-07,1.0
9,"1132 susan way, Sunnyvale, CA","https://maps.googleapis.com/maps/api/staticmap?size=256x256&zoom=20&center=1132+susan+way,+Sunnyvale,+CA&maptype=satellite&key=AIzaSyC2pyFB0hXgCTDr65_KVHBm9742DBDng1M","https://maps.googleapis.com/maps/api/staticmap?size=256x256&zoom=20&center=1132+susan+way,+Sunnyvale,+CA&style=feature:landscape.man_made%7Celement:geometry.stroke%7Ccolor:0xff0000&key=AIzaSyC2pyFB0hXgCTDr65_KVHBm9742DBDng1M",0.322174,0.677826,0.0274285,0.972571
10,"720 enseneda, Berkeley, CA","https://maps.googleapis.com/maps/api/staticmap?size=256x256&zoom=20&center=720+enseneda,+Berkeley,+CA&maptype=satellite&key=AIzaSyC2pyFB0hXgCTDr65_KVHBm9742DBDng1M","https://maps.googleapis.com/maps/api/staticmap?size=256x256&zoom=20&center=720+enseneda,+Berkeley,+CA&style=feature:landscape.man_made%7Celement:geometry.stroke%7Ccolor:0xff0000&key=AIzaSyC2pyFB0hXgCTDr65_KVHBm9742DBDng1M",0.00355302,0.996447,9.92581e-09,1.0
11,"22350 McClellan Road, Cupertino, CA","https://maps.googleapis.com/maps/api/staticmap?size=256x256&zoom=20&center=22350+McClellan+Road,+Cupertino,+CA&maptype=satellite&key=AIzaSyC2pyFB0hXgCTDr65_KVHBm9742DBDng1M","https://maps.googleapis.com/maps/api/staticmap?size=256x256&zoom=20&center=22350+McClellan+Road,+Cupertino,+CA&style=feature:landscape.man_made%7Celement:geometry.stroke%7Ccolor:0xff0000&key=AIzaSyC2pyFB0hXgCTDr65_KVHBm9742DBDng1M",0.0332472,0.966753,0.000750868,0.999249
12,"1677 Arch St., Berkeley, CA",https://maps.googleapis.com/maps/api/staticmap?size=256x256&zoom=20&center=1677+Arch+St&maptype=satellite&key=AIzaSyC2pyFB0hXgCTDr65_KVHBm9742DBDng1M,https://maps.googleapis.com/maps/api/staticmap?size=256x256&zoom=20&center=1677+Arch+St&style=feature:landscape.man_made%7Celement:geometry.stroke%7Ccolor:0xff0000&key=AIzaSyC2pyFB0hXgCTDr65_KVHBm9742DBDng1M,6.64966e-06,0.999993,0.999636,0.000363755
13,"600 haddon road, Oakland, CA","https://maps.googleapis.com/maps/api/staticmap?size=256x256&zoom=20&center=600+haddon+road,+Oakland,+CA&maptype=satellite&key=AIzaSyC2pyFB0hXgCTDr65_KVHBm9742DBDng1M","https://maps.googleapis.com/maps/api/staticmap?size=256x256&zoom=20&center=600+haddon+road,+Oakland,+CA&style=feature:landscape.man_made%7Celement:geometry.stroke%7Ccolor:0xff0000&key=AIzaSyC2pyFB0hXgCTDr65_KVHBm9742DBDng1M",0.999818,0.000181801,0.147586,0.852414
14,"5700 florence ter, Oakland, CA","https://maps.googleapis.com/maps/api/staticmap?size=256x256&zoom=20&center=5700+florence+ter,+Oakland,+CA&maptype=satellite&key=AIzaSyC2pyFB0hXgCTDr65_KVHBm9742DBDng1M","https://maps.googleapis.com/maps/api/staticmap?size=256x256&zoom=20&center=5700+florence+ter,+Oakland,+CA&style=feature:landscape.man_made%7Celement:geometry.stroke%7Ccolor:0xff0000&key=AIzaSyC2pyFB0hXgCTDr65_KVHBm9742DBDng1M",1.0,1.42498e-10,0.00122556,0.998774
15,"2389 Eunice st, Berkeley, CA","https://maps.googleapis.com/maps/api/staticmap?size=256x256&zoom=20&center=2389+Eunice+st,+Berkeley,+CA&maptype=satellite&key=AIzaSyC2pyFB0hXgCTDr65_KVHBm9742DBDng1M","https://maps.googleapis.com/maps/api/staticmap?size=256x256&zoom=20&center=2389+Eunice+st,+Berkeley,+CA&style=feature:landscape.man_made%7Celement:geometry.stroke%7Ccolor:0xff0000&key=AIzaSyC2pyFB0hXgCTDr65_KVHBm9742DBDng1M",3.7961e-06,0.999996,6.88419e-12,1.0
16,"73 menlo pl, Berkeley, CA","https://maps.googleapis.com/maps/api/staticmap?size=256x256&zoom=20&center=73+menlo+pl,+Berkeley,+CA&maptype=satellite&key=AIzaSyC2pyFB0hXgCTDr65_KVHBm9742DBDng1M","https://maps.googleapis.com/maps/api/staticmap?size=256x256&zoom=20&center=73+menlo+pl,+Berkeley,+CA&style=feature:landscape.man_made%7Celement:geometry.stroke%7Ccolor:0xff0000&key=AIzaSyC2pyFB0hXgCTDr65_KVHBm9742DBDng1M",6.91481e-05,0.999931,0.00136526,0.998635
17,"1163 Bodega Drive, Sunnyvale, CA","https://maps.googleapis.com/maps/api/staticmap?size=256x256&zoom=20&center=1163+Bodega+Drive,+Sunnyvale,+CA&maptype=satellite&key=AIzaSyC2pyFB0hXgCTDr65_KVHBm9742DBDng1M","https://maps.googleapis.com/maps/api/staticmap?size=256x256&zoom=20&center=1163+Bodega+Drive,+Sunnyvale,+CA&style=feature:landscape.man_made%7Celement:geometry.stroke%7Ccolor:0xff0000&key=AIzaSyC2pyFB0hXgCTDr65_KVHBm9742DBDng1M",1.96209e-05,0.99998,1.58308e-09,1.0
18,"1346 Chewpon ave, Milpitas, CA","https://maps.googleapis.com/maps/api/staticmap?size=256x256&zoom=20&center=1346+Chewpon+ave,+Milpitas,+CA&maptype=satellite&key=AIzaSyC2pyFB0hXgCTDr65_KVHBm9742DBDng1M","https://maps.googleapis.com/maps/api/staticmap?size=256x256&zoom=20&center=1346+Chewpon+ave,+Milpitas,+CA&style=feature:landscape.man_made%7Celement:geometry.stroke%7Ccolor:0xff0000&key=AIzaSyC2pyFB0hXgCTDr65_KVHBm9742DBDng1M",5.49176e-06,0.999995,0.000845869,0.999154
19,"1230 Neilson St, Berkeley, CA","https://maps.googleapis.com/maps/api/staticmap?size=256x256&zoom=20&center=1230+Neilson+St,+Berkeley,+CA&maptype=satellite&key=AIzaSyC2pyFB0hXgCTDr65_KVHBm9742DBDng1M","https://maps.googleapis.com/maps/api/staticmap?size=256x256&zoom=20&center=1230+Neilson+St,+Berkeley,+CA&style=feature:landscape.man_made%7Celement:geometry.stroke%7Ccolor:0xff0000&key=AIzaSyC2pyFB0hXgCTDr65_KVHBm9742DBDng1M",1.0,4.08232e-08,1.0,4.70374e-13
20,"1408 16th street, Oakland, CA","https://maps.googleapis.com/maps/api/staticmap?size=256x256&zoom=20&center=1408+16th+street,+Oakland,+CA&maptype=satellite&key=AIzaSyC2pyFB0hXgCTDr65_KVHBm9742DBDng1M","https://maps.googleapis.com/maps/api/staticmap?size=256x256&zoom=20&center=1408+16th+street,+Oakland,+CA&style=feature:landscape.man_made%7Celement:geometry.stroke%7Ccolor:0xff0000&key=AIzaSyC2pyFB0hXgCTDr65_KVHBm9742DBDng1M",0.245249,0.754751,5.87077e-06,0.999994
21,"2926 wheeler, Berkeley, CA","https://maps.googleapis.com/maps/api/staticmap?size=256x256&zoom=20&center=2926+wheeler,+Berkeley,+CA&maptype=satellite&key=AIzaSyC2pyFB0hXgCTDr65_KVHBm9742DBDng1M","https://maps.googleapis.com/maps/api/staticmap?size=256x256&zoom=20&center=2926+wheeler,+Berkeley,+CA&style=feature:landscape.man_made%7Celement:geometry.stroke%7Ccolor:0xff0000&key=AIzaSyC2pyFB0hXgCTDr65_KVHBm9742DBDng1M",0.0330259,0.966974,8.67294e-06,0.999991
22,"2926-2928 wheeler, Berkeley, CA","https://maps.googleapis.com/maps/api/staticmap?size=256x256&zoom=20&center=2926-2928+wheeler,+Berkeley,+CA&maptype=satellite&key=AIzaSyC2pyFB0hXgCTDr65_KVHBm9742DBDng1M","https://maps.googleapis.com/maps/api/staticmap?size=256x256&zoom=20&center=2926-2928+wheeler,+Berkeley,+CA&style=feature:landscape.man_made%7Celement:geometry.stroke%7Ccolor:0xff0000&key=AIzaSyC2pyFB0hXgCTDr65_KVHBm9742DBDng1M",0.000809423,0.999191,5.51469e-06,0.999995
23,"2926-2928 wheeler, Berkeley, CA","https://maps.googleapis.com/maps/api/staticmap?size=256x256&zoom=20&center=2926-2928+wheeler,+Berkeley,+CA&maptype=satellite&key=AIzaSyC2pyFB0hXgCTDr65_KVHBm9742DBDng1M","https://maps.googleapis.com/maps/api/staticmap?size=256x256&zoom=20&center=2926-2928+wheeler,+Berkeley,+CA&style=feature:landscape.man_made%7Celement:geometry.stroke%7Ccolor:0xff0000&key=AIzaSyC2pyFB0hXgCTDr65_KVHBm9742DBDng1M",0.000809423,0.999191,5.51469e-06,0.999995
24,"1180 Ocean ave, Oakland, CA","https://maps.googleapis.com/maps/api/staticmap?size=256x256&zoom=20&center=1180+Ocean+ave,+Oakland,+CA&maptype=satellite&key=AIzaSyC2pyFB0hXgCTDr65_KVHBm9742DBDng1M","https://maps.googleapis.com/maps/api/staticmap?size=256x256&zoom=20&center=1180+Ocean+ave,+Oakland,+CA&style=feature:landscape.man_made%7Celement:geometry.stroke%7Ccolor:0xff0000&key=AIzaSyC2pyFB0hXgCTDr65_KVHBm9742DBDng1M",3.59045e-05,0.999964,0.995254,0.00474639
25,"2545 cedar sr, Berkeley, CA","https://maps.googleapis.com/maps/api/staticmap?size=256x256&zoom=20&center=2545+cedar+sr,+Berkeley,+CA&maptype=satellite&key=AIzaSyC2pyFB0hXgCTDr65_KVHBm9742DBDng1M","https://maps.googleapis.com/maps/api/staticmap?size=256x256&zoom=20&center=2545+cedar+sr,+Berkeley,+CA&style=feature:landscape.man_made%7Celement:geometry.stroke%7Ccolor:0xff0000&key=AIzaSyC2pyFB0hXgCTDr65_KVHBm9742DBDng1M",0.00128548,0.998715,9.48101e-05,0.999905
26,"1620 Rose Street, Berkeley, CA","https://maps.googleapis.com/maps/api/staticmap?size=256x256&zoom=20&center=1620+Rose+Street,+Berkeley,+CA&maptype=satellite&key=AIzaSyC2pyFB0hXgCTDr65_KVHBm9742DBDng1M","https://maps.googleapis.com/maps/api/staticmap?size=256x256&zoom=20&center=1620+Rose+Street,+Berkeley,+CA&style=feature:landscape.man_made%7Celement:geometry.stroke%7Ccolor:0xff0000&key=AIzaSyC2pyFB0hXgCTDr65_KVHBm9742DBDng1M",6.23721e-06,0.999994,8.06463e-11,1.0
27,"1869 Laurinda Dr, San Jose, CA","https://maps.googleapis.com/maps/api/staticmap?size=256x256&zoom=20&center=1869+Laurinda+Dr,+San+Jose,+CA&maptype=satellite&key=AIzaSyC2pyFB0hXgCTDr65_KVHBm9742DBDng1M","https://maps.googleapis.com/maps/api/staticmap?size=256x256&zoom=20&center=1869+Laurinda+Dr,+San+Jose,+CA&style=feature:landscape.man_made%7Celement:geometry.stroke%7Ccolor:0xff0000&key=AIzaSyC2pyFB0hXgCTDr65_KVHBm9742DBDng1M",1.0,7.36364e-08,1.56278e-06,0.999998
28,"5088 lone hill rd, San Jose, CA","https://maps.googleapis.com/maps/api/staticmap?size=256x256&zoom=20&center=5088+lone+hill+rd,+San+Jose,+CA&maptype=satellite&key=AIzaSyC2pyFB0hXgCTDr65_KVHBm9742DBDng1M","https://maps.googleapis.com/maps/api/staticmap?size=256x256&zoom=20&center=5088+lone+hill+rd,+San+Jose,+CA&style=feature:landscape.man_made%7Celement:geometry.stroke%7Ccolor:0xff0000&key=AIzaSyC2pyFB0hXgCTDr65_KVHBm9742DBDng1M",1.0,1.18789e-07,0.0035523,0.996448
29,"lone hill rd, San Jose, CA",,,0.00409853,0.995902,,
30,"14403 Branham Ln, San Jose, CA","https://maps.googleapis.com/maps/api/staticmap?size=256x256&zoom=20&center=14403+Branham+Ln,+San+Jose,+CA&maptype=satellite&key=AIzaSyC2pyFB0hXgCTDr65_KVHBm9742DBDng1M","https://maps.googleapis.com/maps/api/staticmap?size=256x256&zoom=20&center=14403+Branham+Ln,+San+Jose,+CA&style=feature:landscape.man_made%7Celement:geometry.stroke%7Ccolor:0xff0000&key=AIzaSyC2pyFB0hXgCTDr65_KVHBm9742DBDng1M",0.0475536,0.952446,0.0255241,0.974476
31,"5916 la salle ave, Oakland, CA","https://maps.googleapis.com/maps/api/staticmap?size=256x256&zoom=20&center=5916+la+salle+ave,+Oakland,+CA&maptype=satellite&key=AIzaSyC2pyFB0hXgCTDr65_KVHBm9742DBDng1M","https://maps.googleapis.com/maps/api/staticmap?size=256x256&zoom=20&center=5916+la+salle+ave,+Oakland,+CA&style=feature:landscape.man_made%7Celement:geometry.stroke%7Ccolor:0xff0000&key=AIzaSyC2pyFB0hXgCTDr65_KVHBm9742DBDng1M",0.000123342,0.999877,0.00688752,0.993113
32,"2348 spaulding ave, Berkeley, CA","https://maps.googleapis.com/maps/api/staticmap?size=256x256&zoom=20&center=2348+spaulding+ave,+Berkeley,+CA&maptype=satellite&key=AIzaSyC2pyFB0hXgCTDr65_KVHBm9742DBDng1M","https://maps.googleapis.com/maps/api/staticmap?size=256x256&zoom=20&center=2348+spaulding+ave,+Berkeley,+CA&style=feature:landscape.man_made%7Celement:geometry.stroke%7Ccolor:0xff0000&key=AIzaSyC2pyFB0hXgCTDr65_KVHBm9742DBDng1M",0.498478,0.501522,2.29553e-11,1.0
33,"964 regal road, Berkeley, CA","https://maps.googleapis.com/maps/api/staticmap?size=256x256&zoom=20&center=964+regal+road,+Berkeley,+CA&maptype=satellite&key=AIzaSyC2pyFB0hXgCTDr65_KVHBm9742DBDng1M","https://maps.googleapis.com/maps/api/staticmap?size=256x256&zoom=20&center=964+regal+road,+Berkeley,+CA&style=feature:landscape.man_made%7Celement:geometry.stroke%7Ccolor:0xff0000&key=AIzaSyC2pyFB0hXgCTDr65_KVHBm9742DBDng1M",3.32061e-05,0.999967,0.00206603,0.997934
34,"964 regal road, Berkeley, CA","https://maps.googleapis.com/maps/api/staticmap?size=256x256&zoom=20&center=964+regal+road,+Berkeley,+CA&maptype=satellite&key=AIzaSyC2pyFB0hXgCTDr65_KVHBm9742DBDng1M","https://maps.googleapis.com/maps/api/staticmap?size=256x256&zoom=20&center=964+regal+road,+Berkeley,+CA&style=feature:landscape.man_made%7Celement:geometry.stroke%7Ccolor:0xff0000&key=AIzaSyC2pyFB0hXgCTDr65_KVHBm9742DBDng1M",3.32061e-05,0.999967,0.00206603,0.997934
35,"160 South 14th, San Jose, CA","https://maps.googleapis.com/maps/api/staticmap?size=256x256&zoom=20&center=160+South+14th,+San+Jose,+CA&maptype=satellite&key=AIzaSyC2pyFB0hXgCTDr65_KVHBm9742DBDng1M","https://maps.googleapis.com/maps/api/staticmap?size=256x256&zoom=20&center=160+South+14th,+San+Jose,+CA&style=feature:landscape.man_made%7Celement:geometry.stroke%7Ccolor:0xff0000&key=AIzaSyC2pyFB0hXgCTDr65_KVHBm9742DBDng1M",5.7896e-07,0.999999,0.00217342,0.997827
36,"1620 Rose Street, Berkeley, CA","https://maps.googleapis.com/maps/api/staticmap?size=256x256&zoom=20&center=1620+Rose+Street,+Berkeley,+CA&maptype=satellite&key=AIzaSyC2pyFB0hXgCTDr65_KVHBm9742DBDng1M","https://maps.googleapis.com/maps/api/staticmap?size=256x256&zoom=20&center=1620+Rose+Street,+Berkeley,+CA&style=feature:landscape.man_made%7Celement:geometry.stroke%7Ccolor:0xff0000&key=AIzaSyC2pyFB0hXgCTDr65_KVHBm9742DBDng1M",6.23721e-06,0.999994,8.06463e-11,1.0
37,"1620 Rose St, Berkeley, CA","https://maps.googleapis.com/maps/api/staticmap?size=256x256&zoom=20&center=1620+Rose+St,+Berkeley,+CA&maptype=satellite&key=AIzaSyC2pyFB0hXgCTDr65_KVHBm9742DBDng1M","https://maps.googleapis.com/maps/api/staticmap?size=256x256&zoom=20&center=1620+Rose+St,+Berkeley,+CA&style=feature:landscape.man_made%7Celement:geometry.stroke%7Ccolor:0xff0000&key=AIzaSyC2pyFB0hXgCTDr65_KVHBm9742DBDng1M",6.23721e-06,0.999994,8.06463e-11,1.0
38,"940 dwight way, Berkeley, CA","https://maps.googleapis.com/maps/api/staticmap?size=256x256&zoom=20&center=940+dwight+way,+Berkeley,+CA&maptype=satellite&key=AIzaSyC2pyFB0hXgCTDr65_KVHBm9742DBDng1M","https://maps.googleapis.com/maps/api/staticmap?size=256x256&zoom=20&center=940+dwight+way,+Berkeley,+CA&style=feature:landscape.man_made%7Celement:geometry.stroke%7Ccolor:0xff0000&key=AIzaSyC2pyFB0hXgCTDr65_KVHBm9742DBDng1M",0.998498,0.00150194,0.00255723,0.997443
39,"888 52nd st, Oakland, CA","https://maps.googleapis.com/maps/api/staticmap?size=256x256&zoom=20&center=888+52nd+st,+Oakland,+CA&maptype=satellite&key=AIzaSyC2pyFB0hXgCTDr65_KVHBm9742DBDng1M","https://maps.googleapis.com/maps/api/staticmap?size=256x256&zoom=20&center=888+52nd+st,+Oakland,+CA&style=feature:landscape.man_made%7Celement:geometry.stroke%7Ccolor:0xff0000&key=AIzaSyC2pyFB0hXgCTDr65_KVHBm9742DBDng1M",4.45259e-05,0.999955,0.00484546,0.995155
40,"3018 Madeline St, Oakland, CA","https://maps.googleapis.com/maps/api/staticmap?size=256x256&zoom=20&center=3018+Madeline+St,+Oakland,+CA&maptype=satellite&key=AIzaSyC2pyFB0hXgCTDr65_KVHBm9742DBDng1M","https://maps.googleapis.com/maps/api/staticmap?size=256x256&zoom=20&center=3018+Madeline+St,+Oakland,+CA&style=feature:landscape.man_made%7Celement:geometry.stroke%7Ccolor:0xff0000&key=AIzaSyC2pyFB0hXgCTDr65_KVHBm9742DBDng1M",0.296179,0.703821,2.1206e-05,0.999979
41,"1662 Heron Ave, Sunnyvale, CA","https://maps.googleapis.com/maps/api/staticmap?size=256x256&zoom=20&center=1662+Heron+Ave,+Sunnyvale,+CA&maptype=satellite&key=AIzaSyC2pyFB0hXgCTDr65_KVHBm9742DBDng1M","https://maps.googleapis.com/maps/api/staticmap?size=256x256&zoom=20&center=1662+Heron+Ave,+Sunnyvale,+CA&style=feature:landscape.man_made%7Celement:geometry.stroke%7Ccolor:0xff0000&key=AIzaSyC2pyFB0hXgCTDr65_KVHBm9742DBDng1M",0.999979,2.08147e-05,0.00317119,0.996829
42,"657 haddon rd, Oakland, CA","https://maps.googleapis.com/maps/api/staticmap?size=256x256&zoom=20&center=657+haddon+rd,+Oakland,+CA&maptype=satellite&key=AIzaSyC2pyFB0hXgCTDr65_KVHBm9742DBDng1M","https://maps.googleapis.com/maps/api/staticmap?size=256x256&zoom=20&center=657+haddon+rd,+Oakland,+CA&style=feature:landscape.man_made%7Celement:geometry.stroke%7Ccolor:0xff0000&key=AIzaSyC2pyFB0hXgCTDr65_KVHBm9742DBDng1M",0.578483,0.421517,1.0,1.03535e-09
43,"1520 Center Street, Oakland, CA","https://maps.googleapis.com/maps/api/staticmap?size=256x256&zoom=20&center=1520+Center+Street,+Oakland,+CA&maptype=satellite&key=AIzaSyC2pyFB0hXgCTDr65_KVHBm9742DBDng1M","https://maps.googleapis.com/maps/api/staticmap?size=256x256&zoom=20&center=1520+Center+Street,+Oakland,+CA&style=feature:landscape.man_made%7Celement:geometry.stroke%7Ccolor:0xff0000&key=AIzaSyC2pyFB0hXgCTDr65_KVHBm9742DBDng1M",0.0067566,0.993243,0.00133069,0.998669
44,"1342 Hopkins, Berkeley, CA","https://maps.googleapis.com/maps/api/staticmap?size=256x256&zoom=20&center=1342+Hopkins,+Berkeley,+CA&maptype=satellite&key=AIzaSyC2pyFB0hXgCTDr65_KVHBm9742DBDng1M","https://maps.googleapis.com/maps/api/staticmap?size=256x256&zoom=20&center=1342+Hopkins,+Berkeley,+CA&style=feature:landscape.man_made%7Celement:geometry.stroke%7Ccolor:0xff0000&key=AIzaSyC2pyFB0hXgCTDr65_KVHBm9742DBDng1M",4.86785e-06,0.999995,0.000374452,0.999626
45,"4523 cabello street, Union City, CA","https://maps.googleapis.com/maps/api/staticmap?size=256x256&zoom=20&center=4523+cabello+street,+Union+City,+CA&maptype=satellite&key=AIzaSyC2pyFB0hXgCTDr65_KVHBm9742DBDng1M","https://maps.googleapis.com/maps/api/staticmap?size=256x256&zoom=20&center=4523+cabello+street,+Union+City,+CA&style=feature:landscape.man_made%7Celement:geometry.stroke%7Ccolor:0xff0000&key=AIzaSyC2pyFB0hXgCTDr65_KVHBm9742DBDng1M",0.999973,2.7211e-05,0.000461595,0.999538
46,"753 Keeler Ave, Berkeley, CA","https://maps.googleapis.com/maps/api/staticmap?size=256x256&zoom=20&center=753+Keeler+Ave,+Berkeley,+CA&maptype=satellite&key=AIzaSyC2pyFB0hXgCTDr65_KVHBm9742DBDng1M","https://maps.googleapis.com/maps/api/staticmap?size=256x256&zoom=20&center=753+Keeler+Ave,+Berkeley,+CA&style=feature:landscape.man_made%7Celement:geometry.stroke%7Ccolor:0xff0000&key=AIzaSyC2pyFB0hXgCTDr65_KVHBm9742DBDng1M",0.419843,0.580157,0.996661,0.00333865
47,"656 arlington ave, Berkeley, CA","https://maps.googleapis.com/maps/api/staticmap?size=256x256&zoom=20&center=656+arlington+ave,+Berkeley,+CA&maptype=satellite&key=AIzaSyC2pyFB0hXgCTDr65_KVHBm9742DBDng1M","https://maps.googleapis.com/maps/api/staticmap?size=256x256&zoom=20&center=656+arlington+ave,+Berkeley,+CA&style=feature:landscape.man_made%7Celement:geometry.stroke%7Ccolor:0xff0000&key=AIzaSyC2pyFB0hXgCTDr65_KVHBm9742DBDng1M",0.580281,0.419719,6.4573e-09,1.0
48,"1289 weathersfield way, San Jose, CA","https://maps.googleapis.com/maps/api/staticmap?size=256x256&zoom=20&center=1289+weathersfield+way,+San+Jose,+CA&maptype=satellite&key=AIzaSyC2pyFB0hXgCTDr65_KVHBm9742DBDng1M","https://maps.googleapis.com/maps/api/staticmap?size=256x256&zoom=20&center=1289+weathersfield+way,+San+Jose,+CA&style=feature:landscape.man_made%7Celement:geometry.stroke%7Ccolor:0xff0000&key=AIzaSyC2pyFB0hXgCTDr65_KVHBm9742DBDng1M",0.0271906,0.972809,7.30487e-06,0.999993
49,"638 arrowhead drive, San Jose, CA","https://maps.googleapis.com/maps/api/staticmap?size=256x256&zoom=20&center=638+arrowhead+drive,+San+Jose,+CA&maptype=satellite&key=AIzaSyC2pyFB0hXgCTDr65_KVHBm9742DBDng1M","https://maps.googleapis.com/maps/api/staticmap?size=256x256&zoom=20&center=638+arrowhead+drive,+San+Jose,+CA&style=feature:landscape.man_made%7Celement:geometry.stroke%7Ccolor:0xff0000&key=AIzaSyC2pyFB0hXgCTDr65_KVHBm9742DBDng1M",0.999491,0.000508887,1.0,2.37325e-12
50,"1637 Stannage Ave, Berkeley, CA","https://maps.googleapis.com/maps/api/staticmap?size=256x256&zoom=20&center=1637+Stannage+Ave,+Berkeley,+CA&maptype=satellite&key=AIzaSyC2pyFB0hXgCTDr65_KVHBm9742DBDng1M","https://maps.googleapis.com/maps/api/staticmap?size=256x256&zoom=20&center=1637+Stannage+Ave,+Berkeley,+CA&style=feature:landscape.man_made%7Celement:geometry.stroke%7Ccolor:0xff0000&key=AIzaSyC2pyFB0hXgCTDr65_KVHBm9742DBDng1M",0.104218,0.895782,0.000880603,0.999119
51,"4833 Mary Jane Way, San Jose, CA","https://maps.googleapis.com/maps/api/staticmap?size=256x256&zoom=20&center=4833+Mary+Jane+Way,+San+Jose,+CA&maptype=satellite&key=AIzaSyC2pyFB0hXgCTDr65_KVHBm9742DBDng1M","https://maps.googleapis.com/maps/api/staticmap?size=256x256&zoom=20&center=4833+Mary+Jane+Way,+San+Jose,+CA&style=feature:landscape.man_made%7Celement:geometry.stroke%7Ccolor:0xff0000&key=AIzaSyC2pyFB0hXgCTDr65_KVHBm9742DBDng1M",0.46541,0.53459,6.07284e-06,0.999994
52,"14375 Holden Ct, San Jose, CA","https://maps.googleapis.com/maps/api/staticmap?size=256x256&zoom=20&center=14375+Holden+Ct,+San+Jose,+CA&maptype=satellite&key=AIzaSyC2pyFB0hXgCTDr65_KVHBm9742DBDng1M","https://maps.googleapis.com/maps/api/staticmap?size=256x256&zoom=20&center=14375+Holden+Ct,+San+Jose,+CA&style=feature:landscape.man_made%7Celement:geometry.stroke%7Ccolor:0xff0000&key=AIzaSyC2pyFB0hXgCTDr65_KVHBm9742DBDng1M",0.777198,0.222802,0.904985,0.0950147
53,"4833 leigh ave, San Jose, CA","https://maps.googleapis.com/maps/api/staticmap?size=256x256&zoom=20&center=4833+leigh+ave,+San+Jose,+CA&maptype=satellite&key=AIzaSyC2pyFB0hXgCTDr65_KVHBm9742DBDng1M","https://maps.googleapis.com/maps/api/staticmap?size=256x256&zoom=20&center=4833+leigh+ave,+San+Jose,+CA&style=feature:landscape.man_made%7Celement:geometry.stroke%7Ccolor:0xff0000&key=AIzaSyC2pyFB0hXgCTDr65_KVHBm9742DBDng1M",0.999999,7.55479e-07,0.00159047,0.99841
54,"5088 lone hill rd, San Jose, CA","https://maps.googleapis.com/maps/api/staticmap?size=256x256&zoom=20&center=5088+lone+hill+rd,+San+Jose,+CA&maptype=satellite&key=AIzaSyC2pyFB0hXgCTDr65_KVHBm9742DBDng1M","https://maps.googleapis.com/maps/api/staticmap?size=256x256&zoom=20&center=5088+lone+hill+rd,+San+Jose,+CA&style=feature:landscape.man_made%7Celement:geometry.stroke%7Ccolor:0xff0000&key=AIzaSyC2pyFB0hXgCTDr65_KVHBm9742DBDng1M",1.0,1.18789e-07,0.0035523,0.996448
55,"5088 lone hill rd, San Jose, CA","https://maps.googleapis.com/maps/api/staticmap?size=256x256&zoom=20&center=5088+lone+hill+rd,+San+Jose,+CA&maptype=satellite&key=AIzaSyC2pyFB0hXgCTDr65_KVHBm9742DBDng1M","https://maps.googleapis.com/maps/api/staticmap?size=256x256&zoom=20&center=5088+lone+hill+rd,+San+Jose,+CA&style=feature:landscape.man_made%7Celement:geometry.stroke%7Ccolor:0xff0000&key=AIzaSyC2pyFB0hXgCTDr65_KVHBm9742DBDng1M",1.0,1.18789e-07,0.0035523,0.996448
56,"1534 Russell st, Berkeley, CA","https://maps.googleapis.com/maps/api/staticmap?size=256x256&zoom=20&center=1534+Russell+st,+Berkeley,+CA&maptype=satellite&key=AIzaSyC2pyFB0hXgCTDr65_KVHBm9742DBDng1M","https://maps.googleapis.com/maps/api/staticmap?size=256x256&zoom=20&center=1534+Russell+st,+Berkeley,+CA&style=feature:landscape.man_made%7Celement:geometry.stroke%7Ccolor:0xff0000&key=AIzaSyC2pyFB0hXgCTDr65_KVHBm9742DBDng1M",0.495014,0.504986,2.1858e-11,1.0
57,"2326 Sacramento St, Berkeley, CA","https://maps.googleapis.com/maps/api/staticmap?size=256x256&zoom=20&center=2326+Sacramento+St,+Berkeley,+CA&maptype=satellite&key=AIzaSyC2pyFB0hXgCTDr65_KVHBm9742DBDng1M","https://maps.googleapis.com/maps/api/staticmap?size=256x256&zoom=20&center=2326+Sacramento+St,+Berkeley,+CA&style=feature:landscape.man_made%7Celement:geometry.stroke%7Ccolor:0xff0000&key=AIzaSyC2pyFB0hXgCTDr65_KVHBm9742DBDng1M",0.999959,4.10815e-05,9.22646e-07,0.999999
58,"805 contra costa ave, Berkeley, CA","https://maps.googleapis.com/maps/api/staticmap?size=256x256&zoom=20&center=805+contra+costa+ave,+Berkeley,+CA&maptype=satellite&key=AIzaSyC2pyFB0hXgCTDr65_KVHBm9742DBDng1M","https://maps.googleapis.com/maps/api/staticmap?size=256x256&zoom=20&center=805+contra+costa+ave,+Berkeley,+CA&style=feature:landscape.man_made%7Celement:geometry.stroke%7Ccolor:0xff0000&key=AIzaSyC2pyFB0hXgCTDr65_KVHBm9742DBDng1M",0.9343,0.0656999,1.0,2.33192e-07
59,"1180 park hills road, Berkeley, CA","https://maps.googleapis.com/maps/api/staticmap?size=256x256&zoom=20&center=1180+park+hills+road,+Berkeley,+CA&maptype=satellite&key=AIzaSyC2pyFB0hXgCTDr65_KVHBm9742DBDng1M","https://maps.googleapis.com/maps/api/staticmap?size=256x256&zoom=20&center=1180+park+hills+road,+Berkeley,+CA&style=feature:landscape.man_made%7Celement:geometry.stroke%7Ccolor:0xff0000&key=AIzaSyC2pyFB0hXgCTDr65_KVHBm9742DBDng1M",0.00263576,0.997364,0.0154159,0.984584
60,"1824 5th, Berkeley, CA","https://maps.googleapis.com/maps/api/staticmap?size=256x256&zoom=20&center=1824+5th,+Berkeley,+CA&maptype=satellite&key=AIzaSyC2pyFB0hXgCTDr65_KVHBm9742DBDng1M","https://maps.googleapis.com/maps/api/staticmap?size=256x256&zoom=20&center=1824+5th,+Berkeley,+CA&style=feature:landscape.man_made%7Celement:geometry.stroke%7Ccolor:0xff0000&key=AIzaSyC2pyFB0hXgCTDr65_KVHBm9742DBDng1M",1.0,3.87632e-13,0.00058776,0.999412
61,"1508 ward, Berkeley, CA","https://maps.googleapis.com/maps/api/staticmap?size=256x256&zoom=20&center=1508+ward,+Berkeley,+CA&maptype=satellite&key=AIzaSyC2pyFB0hXgCTDr65_KVHBm9742DBDng1M","https://maps.googleapis.com/maps/api/staticmap?size=256x256&zoom=20&center=1508+ward,+Berkeley,+CA&style=feature:landscape.man_made%7Celement:geometry.stroke%7Ccolor:0xff0000&key=AIzaSyC2pyFB0hXgCTDr65_KVHBm9742DBDng1M",0.00148918,0.998511,0.00467241,0.995328
62,"1115 arch, Berkeley, CA","https://maps.googleapis.com/maps/api/staticmap?size=256x256&zoom=20&center=1115+arch,+Berkeley,+CA&maptype=satellite&key=AIzaSyC2pyFB0hXgCTDr65_KVHBm9742DBDng1M","https://maps.googleapis.com/maps/api/staticmap?size=256x256&zoom=20&center=1115+arch,+Berkeley,+CA&style=feature:landscape.man_made%7Celement:geometry.stroke%7Ccolor:0xff0000&key=AIzaSyC2pyFB0hXgCTDr65_KVHBm9742DBDng1M",0.999815,0.000184776,0.851125,0.148875
63,"793 cragmont, Berkeley, CA","https://maps.googleapis.com/maps/api/staticmap?size=256x256&zoom=20&center=793+cragmont,+Berkeley,+CA&maptype=satellite&key=AIzaSyC2pyFB0hXgCTDr65_KVHBm9742DBDng1M","https://maps.googleapis.com/maps/api/staticmap?size=256x256&zoom=20&center=793+cragmont,+Berkeley,+CA&style=feature:landscape.man_made%7Celement:geometry.stroke%7Ccolor:0xff0000&key=AIzaSyC2pyFB0hXgCTDr65_KVHBm9742DBDng1M",0.00118841,0.998812,2.14223e-05,0.999979
64,"1310 Milvia st, Berkeley, CA","https://maps.googleapis.com/maps/api/staticmap?size=256x256&zoom=20&center=1310+Milvia+st,+Berkeley,+CA&maptype=satellite&key=AIzaSyC2pyFB0hXgCTDr65_KVHBm9742DBDng1M","https://maps.googleapis.com/maps/api/staticmap?size=256x256&zoom=20&center=1310+Milvia+st,+Berkeley,+CA&style=feature:landscape.man_made%7Celement:geometry.stroke%7Ccolor:0xff0000&key=AIzaSyC2pyFB0hXgCTDr65_KVHBm9742DBDng1M",0.990122,0.00987813,1.45795e-07,1.0
65,"3219 San Pedro Way, Union City, CA","https://maps.googleapis.com/maps/api/staticmap?size=256x256&zoom=20&center=3219+San+Pedro+Way,+Union+City,+CA&maptype=satellite&key=AIzaSyC2pyFB0hXgCTDr65_KVHBm9742DBDng1M","https://maps.googleapis.com/maps/api/staticmap?size=256x256&zoom=20&center=3219+San+Pedro+Way,+Union+City,+CA&style=feature:landscape.man_made%7Celement:geometry.stroke%7Ccolor:0xff0000&key=AIzaSyC2pyFB0hXgCTDr65_KVHBm9742DBDng1M",4.82108e-06,0.999995,4.62908e-17,1.0
66,"1265 Sierra Ave, San Jose, CA","https://maps.googleapis.com/maps/api/staticmap?size=256x256&zoom=20&center=1265+Sierra+Ave,+San+Jose,+CA&maptype=satellite&key=AIzaSyC2pyFB0hXgCTDr65_KVHBm9742DBDng1M","https://maps.googleapis.com/maps/api/staticmap?size=256x256&zoom=20&center=1265+Sierra+Ave,+San+Jose,+CA&style=feature:landscape.man_made%7Celement:geometry.stroke%7Ccolor:0xff0000&key=AIzaSyC2pyFB0hXgCTDr65_KVHBm9742DBDng1M",0.000727909,0.999272,4.60307e-08,1.0
67,"160 South 14th Street, San Jose, CA","https://maps.googleapis.com/maps/api/staticmap?size=256x256&zoom=20&center=160+South+14th+Street,+San+Jose,+CA&maptype=satellite&key=AIzaSyC2pyFB0hXgCTDr65_KVHBm9742DBDng1M","https://maps.googleapis.com/maps/api/staticmap?size=256x256&zoom=20&center=160+South+14th+Street,+San+Jose,+CA&style=feature:landscape.man_made%7Celement:geometry.stroke%7Ccolor:0xff0000&key=AIzaSyC2pyFB0hXgCTDr65_KVHBm9742DBDng1M",5.7896e-07,0.999999,0.00217342,0.997827
68,"2507 Rampart St, Oakland, CA","https://maps.googleapis.com/maps/api/staticmap?size=256x256&zoom=20&center=2507+Rampart+St,+Oakland,+CA&maptype=satellite&key=AIzaSyC2pyFB0hXgCTDr65_KVHBm9742DBDng1M","https://maps.googleapis.com/maps/api/staticmap?size=256x256&zoom=20&center=2507+Rampart+St,+Oakland,+CA&style=feature:landscape.man_made%7Celement:geometry.stroke%7Ccolor:0xff0000&key=AIzaSyC2pyFB0hXgCTDr65_KVHBm9742DBDng1M",0.10103,0.89897,3.71909e-08,1.0
69,"438 South 14th Street, San Jose, CA","https://maps.googleapis.com/maps/api/staticmap?size=256x256&zoom=20&center=438+South+14th+Street,+San+Jose,+CA&maptype=satellite&key=AIzaSyC2pyFB0hXgCTDr65_KVHBm9742DBDng1M","https://maps.googleapis.com/maps/api/staticmap?size=256x256&zoom=20&center=438+South+14th+Street,+San+Jose,+CA&style=feature:landscape.man_made%7Celement:geometry.stroke%7Ccolor:0xff0000&key=AIzaSyC2pyFB0hXgCTDr65_KVHBm9742DBDng1M",1.0,1.70162e-11,0.999999,1.37545e-06
70,"5056 Trenary Way, San Jose, CA","https://maps.googleapis.com/maps/api/staticmap?size=256x256&zoom=20&center=5056+Trenary+Way,+San+Jose,+CA&maptype=satellite&key=AIzaSyC2pyFB0hXgCTDr65_KVHBm9742DBDng1M","https://maps.googleapis.com/maps/api/staticmap?size=256x256&zoom=20&center=5056+Trenary+Way,+San+Jose,+CA&style=feature:landscape.man_made%7Celement:geometry.stroke%7Ccolor:0xff0000&key=AIzaSyC2pyFB0hXgCTDr65_KVHBm9742DBDng1M",0.999946,5.35812e-05,2.78569e-05,0.999972
71,"427 Chiquita Ave, San Jose, CA","https://maps.googleapis.com/maps/api/staticmap?size=256x256&zoom=20&center=427+Chiquita+Ave,+San+Jose,+CA&maptype=satellite&key=AIzaSyC2pyFB0hXgCTDr65_KVHBm9742DBDng1M","https://maps.googleapis.com/maps/api/staticmap?size=256x256&zoom=20&center=427+Chiquita+Ave,+San+Jose,+CA&style=feature:landscape.man_made%7Celement:geometry.stroke%7Ccolor:0xff0000&key=AIzaSyC2pyFB0hXgCTDr65_KVHBm9742DBDng1M",0.0206928,0.979307,1.01954e-06,0.999999
72,"1387 Bouret Dr, San Jose, CA","https://maps.googleapis.com/maps/api/staticmap?size=256x256&zoom=20&center=1387+Bouret+Dr,+San+Jose,+CA&maptype=satellite&key=AIzaSyC2pyFB0hXgCTDr65_KVHBm9742DBDng1M","https://maps.googleapis.com/maps/api/staticmap?size=256x256&zoom=20&center=1387+Bouret+Dr,+San+Jose,+CA&style=feature:landscape.man_made%7Celement:geometry.stroke%7Ccolor:0xff0000&key=AIzaSyC2pyFB0hXgCTDr65_KVHBm9742DBDng1M",0.00111593,0.998884,1.09921e-08,1.0
73,"743 Gail, Sunnyvale, CA","https://maps.googleapis.com/maps/api/staticmap?size=256x256&zoom=20&center=743+Gail,+Sunnyvale,+CA&maptype=satellite&key=AIzaSyC2pyFB0hXgCTDr65_KVHBm9742DBDng1M","https://maps.googleapis.com/maps/api/staticmap?size=256x256&zoom=20&center=743+Gail,+Sunnyvale,+CA&style=feature:landscape.man_made%7Celement:geometry.stroke%7Ccolor:0xff0000&key=AIzaSyC2pyFB0hXgCTDr65_KVHBm9742DBDng1M",0.00157447,0.998426,7.78801e-07,0.999999
74,"836 Channing Way, Berkeley, CA","https://maps.googleapis.com/maps/api/staticmap?size=256x256&zoom=20&center=836+Channing+Way,+Berkeley,+CA&maptype=satellite&key=AIzaSyC2pyFB0hXgCTDr65_KVHBm9742DBDng1M","https://maps.googleapis.com/maps/api/staticmap?size=256x256&zoom=20&center=836+Channing+Way,+Berkeley,+CA&style=feature:landscape.man_made%7Celement:geometry.stroke%7Ccolor:0xff0000&key=AIzaSyC2pyFB0hXgCTDr65_KVHBm9742DBDng1M",0.999999,1.42322e-06,0.00700935,0.992991
75,"838 Channing Way, Berkeley, CA","https://maps.googleapis.com/maps/api/staticmap?size=256x256&zoom=20&center=838+Channing+Way,+Berkeley,+CA&maptype=satellite&key=AIzaSyC2pyFB0hXgCTDr65_KVHBm9742DBDng1M","https://maps.googleapis.com/maps/api/staticmap?size=256x256&zoom=20&center=838+Channing+Way,+Berkeley,+CA&style=feature:landscape.man_made%7Celement:geometry.stroke%7Ccolor:0xff0000&key=AIzaSyC2pyFB0hXgCTDr65_KVHBm9742DBDng1M",0.834093,0.165907,0.000384611,0.999615
76,"828 Channing Way, Berkeley, CA","https://maps.googleapis.com/maps/api/staticmap?size=256x256&zoom=20&center=828+Channing+Way,+Berkeley,+CA&maptype=satellite&key=AIzaSyC2pyFB0hXgCTDr65_KVHBm9742DBDng1M","https://maps.googleapis.com/maps/api/staticmap?size=256x256&zoom=20&center=828+Channing+Way,+Berkeley,+CA&style=feature:landscape.man_made%7Celement:geometry.stroke%7Ccolor:0xff0000&key=AIzaSyC2pyFB0hXgCTDr65_KVHBm9742DBDng1M",0.513194,0.486806,8.21778e-09,1.0
77,"743 Gail svr, Sunnyvale, CA","https://maps.googleapis.com/maps/api/staticmap?size=256x256&zoom=20&center=743+Gail+svr,+Sunnyvale,+CA&maptype=satellite&key=AIzaSyC2pyFB0hXgCTDr65_KVHBm9742DBDng1M","https://maps.googleapis.com/maps/api/staticmap?size=256x256&zoom=20&center=743+Gail+svr,+Sunnyvale,+CA&style=feature:landscape.man_made%7Celement:geometry.stroke%7Ccolor:0xff0000&key=AIzaSyC2pyFB0hXgCTDr65_KVHBm9742DBDng1M",0.00157447,0.998426,7.78801e-07,0.999999
78,"834 Channing Way, Berkeley, CA","https://maps.googleapis.com/maps/api/staticmap?size=256x256&zoom=20&center=834+Channing+Way,+Berkeley,+CA&maptype=satellite&key=AIzaSyC2pyFB0hXgCTDr65_KVHBm9742DBDng1M","https://maps.googleapis.com/maps/api/staticmap?size=256x256&zoom=20&center=834+Channing+Way,+Berkeley,+CA&style=feature:landscape.man_made%7Celement:geometry.stroke%7Ccolor:0xff0000&key=AIzaSyC2pyFB0hXgCTDr65_KVHBm9742DBDng1M",0.997975,0.00202498,0.300072,0.699928
79,"3432 San Pablo Ave, San Jose, CA","https://maps.googleapis.com/maps/api/staticmap?size=256x256&zoom=20&center=3432+San+Pablo+Ave,+San+Jose,+CA&maptype=satellite&key=AIzaSyC2pyFB0hXgCTDr65_KVHBm9742DBDng1M","https://maps.googleapis.com/maps/api/staticmap?size=256x256&zoom=20&center=3432+San+Pablo+Ave,+San+Jose,+CA&style=feature:landscape.man_made%7Celement:geometry.stroke%7Ccolor:0xff0000&key=AIzaSyC2pyFB0hXgCTDr65_KVHBm9742DBDng1M",0.972429,0.0275706,0.997321,0.00267853
80,"368 flora vista ave, Sunnyvale, CA","https://maps.googleapis.com/maps/api/staticmap?size=256x256&zoom=20&center=368+flora+vista+ave,+Sunnyvale,+CA&maptype=satellite&key=AIzaSyC2pyFB0hXgCTDr65_KVHBm9742DBDng1M","https://maps.googleapis.com/maps/api/staticmap?size=256x256&zoom=20&center=368+flora+vista+ave,+Sunnyvale,+CA&style=feature:landscape.man_made%7Celement:geometry.stroke%7Ccolor:0xff0000&key=AIzaSyC2pyFB0hXgCTDr65_KVHBm9742DBDng1M",0.0900231,0.909977,0.953182,0.0468176
81,"368 flora vista ave, Sunnyvale, CA","https://maps.googleapis.com/maps/api/staticmap?size=256x256&zoom=20&center=368+flora+vista+ave,+Sunnyvale,+CA&maptype=satellite&key=AIzaSyC2pyFB0hXgCTDr65_KVHBm9742DBDng1M","https://maps.googleapis.com/maps/api/staticmap?size=256x256&zoom=20&center=368+flora+vista+ave,+Sunnyvale,+CA&style=feature:landscape.man_made%7Celement:geometry.stroke%7Ccolor:0xff0000&key=AIzaSyC2pyFB0hXgCTDr65_KVHBm9742DBDng1M",0.0900231,0.909977,0.953182,0.0468176
82,"2502 webster, Berkeley, CA","https://maps.googleapis.com/maps/api/staticmap?size=256x256&zoom=20&center=2502+webster,+Berkeley,+CA&maptype=satellite&key=AIzaSyC2pyFB0hXgCTDr65_KVHBm9742DBDng1M","https://maps.googleapis.com/maps/api/staticmap?size=256x256&zoom=20&center=2502+webster,+Berkeley,+CA&style=feature:landscape.man_made%7Celement:geometry.stroke%7Ccolor:0xff0000&key=AIzaSyC2pyFB0hXgCTDr65_KVHBm9742DBDng1M",0.999986,1.4036e-05,0.0616332,0.938367
83,"2 Montrose rd, Berkeley, CA","https://maps.googleapis.com/maps/api/staticmap?size=256x256&zoom=20&center=2+Montrose+rd,+Berkeley,+CA&maptype=satellite&key=AIzaSyC2pyFB0hXgCTDr65_KVHBm9742DBDng1M","https://maps.googleapis.com/maps/api/staticmap?size=256x256&zoom=20&center=2+Montrose+rd,+Berkeley,+CA&style=feature:landscape.man_made%7Celement:geometry.stroke%7Ccolor:0xff0000&key=AIzaSyC2pyFB0hXgCTDr65_KVHBm9742DBDng1M",1.0,1.2456e-07,1.0,1.42667e-08
84,"2 Montrose rd, Berkeley, CA","https://maps.googleapis.com/maps/api/staticmap?size=256x256&zoom=20&center=2+Montrose+rd,+Berkeley,+CA&maptype=satellite&key=AIzaSyC2pyFB0hXgCTDr65_KVHBm9742DBDng1M","https://maps.googleapis.com/maps/api/staticmap?size=256x256&zoom=20&center=2+Montrose+rd,+Berkeley,+CA&style=feature:landscape.man_made%7Celement:geometry.stroke%7Ccolor:0xff0000&key=AIzaSyC2pyFB0hXgCTDr65_KVHBm9742DBDng1M",1.0,1.2456e-07,1.0,1.42667e-08
85,"2502 webster, Berkeley, CA","https://maps.googleapis.com/maps/api/staticmap?size=256x256&zoom=20&center=2502+webster,+Berkeley,+CA&maptype=satellite&key=AIzaSyC2pyFB0hXgCTDr65_KVHBm9742DBDng1M","https://maps.googleapis.com/maps/api/staticmap?size=256x256&zoom=20&center=2502+webster,+Berkeley,+CA&style=feature:landscape.man_made%7Celement:geometry.stroke%7Ccolor:0xff0000&key=AIzaSyC2pyFB0hXgCTDr65_KVHBm9742DBDng1M",0.999986,1.4036e-05,0.0616332,0.938367
86,"1222 Carleton St, Berkeley, CA","https://maps.googleapis.com/maps/api/staticmap?size=256x256&zoom=20&center=1222+Carleton+St,+Berkeley,+CA&maptype=satellite&key=AIzaSyC2pyFB0hXgCTDr65_KVHBm9742DBDng1M","https://maps.googleapis.com/maps/api/staticmap?size=256x256&zoom=20&center=1222+Carleton+St,+Berkeley,+CA&style=feature:landscape.man_made%7Celement:geometry.stroke%7Ccolor:0xff0000&key=AIzaSyC2pyFB0hXgCTDr65_KVHBm9742DBDng1M",1.0,1.17814e-08,1.39056e-05,0.999986
87,"2313 Oregon St, Berkeley, CA","https://maps.googleapis.com/maps/api/staticmap?size=256x256&zoom=20&center=2313+Oregon+St,+Berkeley,+CA&maptype=satellite&key=AIzaSyC2pyFB0hXgCTDr65_KVHBm9742DBDng1M","https://maps.googleapis.com/maps/api/staticmap?size=256x256&zoom=20&center=2313+Oregon+St,+Berkeley,+CA&style=feature:landscape.man_made%7Celement:geometry.stroke%7Ccolor:0xff0000&key=AIzaSyC2pyFB0hXgCTDr65_KVHBm9742DBDng1M",0.799874,0.200126,0.683302,0.316698
88,"2530 regent street, Berkeley, CA","https://maps.googleapis.com/maps/api/staticmap?size=256x256&zoom=20&center=2530+regent+street,+Berkeley,+CA&maptype=satellite&key=AIzaSyC2pyFB0hXgCTDr65_KVHBm9742DBDng1M","https://maps.googleapis.com/maps/api/staticmap?size=256x256&zoom=20&center=2530+regent+street,+Berkeley,+CA&style=feature:landscape.man_made%7Celement:geometry.stroke%7Ccolor:0xff0000&key=AIzaSyC2pyFB0hXgCTDr65_KVHBm9742DBDng1M",0.000129878,0.99987,0.985693,0.0143065
89,"1150 sterling, Berkeley, CA","https://maps.googleapis.com/maps/api/staticmap?size=256x256&zoom=20&center=1150+sterling,+Berkeley,+CA&maptype=satellite&key=AIzaSyC2pyFB0hXgCTDr65_KVHBm9742DBDng1M","https://maps.googleapis.com/maps/api/staticmap?size=256x256&zoom=20&center=1150+sterling,+Berkeley,+CA&style=feature:landscape.man_made%7Celement:geometry.stroke%7Ccolor:0xff0000&key=AIzaSyC2pyFB0hXgCTDr65_KVHBm9742DBDng1M",1.0,5.99374e-13,0.834298,0.165702
90,"2530 regent street, Berkeley, CA","https://maps.googleapis.com/maps/api/staticmap?size=256x256&zoom=20&center=2530+regent+street,+Berkeley,+CA&maptype=satellite&key=AIzaSyC2pyFB0hXgCTDr65_KVHBm9742DBDng1M","https://maps.googleapis.com/maps/api/staticmap?size=256x256&zoom=20&center=2530+regent+street,+Berkeley,+CA&style=feature:landscape.man_made%7Celement:geometry.stroke%7Ccolor:0xff0000&key=AIzaSyC2pyFB0hXgCTDr65_KVHBm9742DBDng1M",0.000129878,0.99987,0.985693,0.0143065
91,"585 grizzly peak, Berkeley, CA","https://maps.googleapis.com/maps/api/staticmap?size=256x256&zoom=20&center=585+grizzly+peak,+Berkeley,+CA&maptype=satellite&key=AIzaSyC2pyFB0hXgCTDr65_KVHBm9742DBDng1M","https://maps.googleapis.com/maps/api/staticmap?size=256x256&zoom=20&center=585+grizzly+peak,+Berkeley,+CA&style=feature:landscape.man_made%7Celement:geometry.stroke%7Ccolor:0xff0000&key=AIzaSyC2pyFB0hXgCTDr65_KVHBm9742DBDng1M",0.75224,0.24776,0.00159445,0.998406
92,"1863 Tacoma Ave., Berkeley, CA",https://maps.googleapis.com/maps/api/staticmap?size=256x256&zoom=20&center=1863+Tacoma+Ave&maptype=satellite&key=AIzaSyC2pyFB0hXgCTDr65_KVHBm9742DBDng1M,https://maps.googleapis.com/maps/api/staticmap?size=256x256&zoom=20&center=1863+Tacoma+Ave&style=feature:landscape.man_made%7Celement:geometry.stroke%7Ccolor:0xff0000&key=AIzaSyC2pyFB0hXgCTDr65_KVHBm9742DBDng1M,0.0223777,0.977622,4.90615e-11,1.0
93,"585 grizzly peak, Berkeley, CA","https://maps.googleapis.com/maps/api/staticmap?size=256x256&zoom=20&center=585+grizzly+peak,+Berkeley,+CA&maptype=satellite&key=AIzaSyC2pyFB0hXgCTDr65_KVHBm9742DBDng1M","https://maps.googleapis.com/maps/api/staticmap?size=256x256&zoom=20&center=585+grizzly+peak,+Berkeley,+CA&style=feature:landscape.man_made%7Celement:geometry.stroke%7Ccolor:0xff0000&key=AIzaSyC2pyFB0hXgCTDr65_KVHBm9742DBDng1M",0.75224,0.24776,0.00159445,0.998406
94,"1239 glen avenue, Berkeley, CA","https://maps.googleapis.com/maps/api/staticmap?size=256x256&zoom=20&center=1239+glen+avenue,+Berkeley,+CA&maptype=satellite&key=AIzaSyC2pyFB0hXgCTDr65_KVHBm9742DBDng1M","https://maps.googleapis.com/maps/api/staticmap?size=256x256&zoom=20&center=1239+glen+avenue,+Berkeley,+CA&style=feature:landscape.man_made%7Celement:geometry.stroke%7Ccolor:0xff0000&key=AIzaSyC2pyFB0hXgCTDr65_KVHBm9742DBDng1M",1.0,1.2916e-07,7.47112e-09,1.0
95,"3000 claremont ave, Berkeley, CA","https://maps.googleapis.com/maps/api/staticmap?size=256x256&zoom=20&center=3000+claremont+ave,+Berkeley,+CA&maptype=satellite&key=AIzaSyC2pyFB0hXgCTDr65_KVHBm9742DBDng1M","https://maps.googleapis.com/maps/api/staticmap?size=256x256&zoom=20&center=3000+claremont+ave,+Berkeley,+CA&style=feature:landscape.man_made%7Celement:geometry.stroke%7Ccolor:0xff0000&key=AIzaSyC2pyFB0hXgCTDr65_KVHBm9742DBDng1M",4.46651e-10,1.0,1.53079e-12,1.0
96,"1239 glen avenue, Berkeley, CA","https://maps.googleapis.com/maps/api/staticmap?size=256x256&zoom=20&center=1239+glen+avenue,+Berkeley,+CA&maptype=satellite&key=AIzaSyC2pyFB0hXgCTDr65_KVHBm9742DBDng1M","https://maps.googleapis.com/maps/api/staticmap?size=256x256&zoom=20&center=1239+glen+avenue,+Berkeley,+CA&style=feature:landscape.man_made%7Celement:geometry.stroke%7Ccolor:0xff0000&key=AIzaSyC2pyFB0hXgCTDr65_KVHBm9742DBDng1M",1.0,1.2916e-07,7.47112e-09,1.0
97,"3231 Ellis St, Berkeley, CA","https://maps.googleapis.com/maps/api/staticmap?size=256x256&zoom=20&center=3231+Ellis+St,+Berkeley,+CA&maptype=satellite&key=AIzaSyC2pyFB0hXgCTDr65_KVHBm9742DBDng1M","https://maps.googleapis.com/maps/api/staticmap?size=256x256&zoom=20&center=3231+Ellis+St,+Berkeley,+CA&style=feature:landscape.man_made%7Celement:geometry.stroke%7Ccolor:0xff0000&key=AIzaSyC2pyFB0hXgCTDr65_KVHBm9742DBDng1M",0.000482031,0.999518,1.49827e-08,1.0
98,"573 Spruce St, Berkeley, CA","https://maps.googleapis.com/maps/api/staticmap?size=256x256&zoom=20&center=573+Spruce+St,+Berkeley,+CA&maptype=satellite&key=AIzaSyC2pyFB0hXgCTDr65_KVHBm9742DBDng1M","https://maps.googleapis.com/maps/api/staticmap?size=256x256&zoom=20&center=573+Spruce+St,+Berkeley,+CA&style=feature:landscape.man_made%7Celement:geometry.stroke%7Ccolor:0xff0000&key=AIzaSyC2pyFB0hXgCTDr65_KVHBm9742DBDng1M",1.0,4.61225e-08,0.01161,0.98839
99,"3231 Ellis St, Berkeley, CA","https://maps.googleapis.com/maps/api/staticmap?size=256x256&zoom=20&center=3231+Ellis+St,+Berkeley,+CA&maptype=satellite&key=AIzaSyC2pyFB0hXgCTDr65_KVHBm9742DBDng1M","https://maps.googleapis.com/maps/api/staticmap?size=256x256&zoom=20&center=3231+Ellis+St,+Berkeley,+CA&style=feature:landscape.man_made%7Celement:geometry.stroke%7Ccolor:0xff0000&key=AIzaSyC2pyFB0hXgCTDr65_KVHBm9742DBDng1M",0.000482031,0.999518,1.49827e-08,1.0
100,"1640 63rd St, Berkeley, CA","https://maps.googleapis.com/maps/api/staticmap?size=256x256&zoom=20&center=1640+63rd+St,+Berkeley,+CA&maptype=satellite&key=AIzaSyC2pyFB0hXgCTDr65_KVHBm9742DBDng1M","https://maps.googleapis.com/maps/api/staticmap?size=256x256&zoom=20&center=1640+63rd+St,+Berkeley,+CA&style=feature:landscape.man_made%7Celement:geometry.stroke%7Ccolor:0xff0000&key=AIzaSyC2pyFB0hXgCTDr65_KVHBm9742DBDng1M",0.999543,0.000457326,6.85237e-05,0.999931
101,"1819 Stuart St, Berkeley, CA","https://maps.googleapis.com/maps/api/staticmap?size=256x256&zoom=20&center=1819+Stuart+St,+Berkeley,+CA&maptype=satellite&key=AIzaSyC2pyFB0hXgCTDr65_KVHBm9742DBDng1M","https://maps.googleapis.com/maps/api/staticmap?size=256x256&zoom=20&center=1819+Stuart+St,+Berkeley,+CA&style=feature:landscape.man_made%7Celement:geometry.stroke%7Ccolor:0xff0000&key=AIzaSyC2pyFB0hXgCTDr65_KVHBm9742DBDng1M",0.000622171,0.999378,8.09355e-09,1.0
102,"1701 62nd St, Berkeley, CA","https://maps.googleapis.com/maps/api/staticmap?size=256x256&zoom=20&center=1701+62nd+St,+Berkeley,+CA&maptype=satellite&key=AIzaSyC2pyFB0hXgCTDr65_KVHBm9742DBDng1M","https://maps.googleapis.com/maps/api/staticmap?size=256x256&zoom=20&center=1701+62nd+St,+Berkeley,+CA&style=feature:landscape.man_made%7Celement:geometry.stroke%7Ccolor:0xff0000&key=AIzaSyC2pyFB0hXgCTDr65_KVHBm9742DBDng1M",6.67354e-05,0.999933,1.9552e-07,1.0
103,"2205 california, Berkeley, CA","https://maps.googleapis.com/maps/api/staticmap?size=256x256&zoom=20&center=2205+california,+Berkeley,+CA&maptype=satellite&key=AIzaSyC2pyFB0hXgCTDr65_KVHBm9742DBDng1M","https://maps.googleapis.com/maps/api/staticmap?size=256x256&zoom=20&center=2205+california,+Berkeley,+CA&style=feature:landscape.man_made%7Celement:geometry.stroke%7Ccolor:0xff0000&key=AIzaSyC2pyFB0hXgCTDr65_KVHBm9742DBDng1M",0.000810638,0.999189,4.70012e-10,1.0
104,"494 Boynton Ave, Berkeley, CA","https://maps.googleapis.com/maps/api/staticmap?size=256x256&zoom=20&center=494+Boynton+Ave,+Berkeley,+CA&maptype=satellite&key=AIzaSyC2pyFB0hXgCTDr65_KVHBm9742DBDng1M","https://maps.googleapis.com/maps/api/staticmap?size=256x256&zoom=20&center=494+Boynton+Ave,+Berkeley,+CA&style=feature:landscape.man_made%7Celement:geometry.stroke%7Ccolor:0xff0000&key=AIzaSyC2pyFB0hXgCTDr65_KVHBm9742DBDng1M",1.0,1.85271e-07,4.46287e-09,1.0
105,"2801 Park St, Berkeley, CA","https://maps.googleapis.com/maps/api/staticmap?size=256x256&zoom=20&center=2801+Park+St,+Berkeley,+CA&maptype=satellite&key=AIzaSyC2pyFB0hXgCTDr65_KVHBm9742DBDng1M","https://maps.googleapis.com/maps/api/staticmap?size=256x256&zoom=20&center=2801+Park+St,+Berkeley,+CA&style=feature:landscape.man_made%7Celement:geometry.stroke%7Ccolor:0xff0000&key=AIzaSyC2pyFB0hXgCTDr65_KVHBm9742DBDng1M",1.09761e-12,1.0,3.94171e-11,1.0
106,"1296 Oxford Street, Berkeley, CA","https://maps.googleapis.com/maps/api/staticmap?size=256x256&zoom=20&center=1296+Oxford+Street,+Berkeley,+CA&maptype=satellite&key=AIzaSyC2pyFB0hXgCTDr65_KVHBm9742DBDng1M","https://maps.googleapis.com/maps/api/staticmap?size=256x256&zoom=20&center=1296+Oxford+Street,+Berkeley,+CA&style=feature:landscape.man_made%7Celement:geometry.stroke%7Ccolor:0xff0000&key=AIzaSyC2pyFB0hXgCTDr65_KVHBm9742DBDng1M",6.18545e-07,0.999999,3.13533e-08,1.0
107,"2200 10th Street, Berkeley, CA","https://maps.googleapis.com/maps/api/staticmap?size=256x256&zoom=20&center=2200+10th+Street,+Berkeley,+CA&maptype=satellite&key=AIzaSyC2pyFB0hXgCTDr65_KVHBm9742DBDng1M","https://maps.googleapis.com/maps/api/staticmap?size=256x256&zoom=20&center=2200+10th+Street,+Berkeley,+CA&style=feature:landscape.man_made%7Celement:geometry.stroke%7Ccolor:0xff0000&key=AIzaSyC2pyFB0hXgCTDr65_KVHBm9742DBDng1M",0.000282827,0.999717,0.876125,0.123875
